model,outcome,precision,recall,f1,support
Logistic Regression,Home win,0.5382395382395382,0.7869198312236287,0.6392459297343617,474
Logistic Regression,Draw,0.25,0.003676470588235294,0.007246376811594203,272
Logistic Regression,Away win,0.5012345679012346,0.5702247191011236,0.5335085413929039,356
Decision Tree,Home win,0.5945945945945946,0.4177215189873418,0.4907063197026022,474
Decision Tree,Draw,0.2647058823529412,0.4632352941176471,0.3368983957219251,272
Decision Tree,Away win,0.46757679180887374,0.3848314606741573,0.42218798151001546,356
Random Forest,Home win,0.5602189781021898,0.6476793248945147,0.6007827788649707,474
Random Forest,Draw,0.2702702702702703,0.14705882352941177,0.19047619047619047,272
Random Forest,Away win,0.49507389162561577,0.5646067415730337,0.5275590551181102,356
Gradient Boosting,Home win,0.5311572700296736,0.7552742616033755,0.6236933797909409,474
Gradient Boosting,Draw,0.4266666666666667,0.11764705882352941,0.18443804034582134,272
Gradient Boosting,Away win,0.5042492917847026,0.5,0.5021156558533145,356
XGBoost,Home win,0.5323741007194245,0.7805907172995781,0.6330196749358427,474
XGBoost,Draw,0.425,0.0625,0.10897435897435898,272
XGBoost,Away win,0.5095367847411444,0.5252808988764045,0.5172890733056708,356
Majority baseline (H),Home win,0.4301270417422868,1.0,0.601522842639594,474
Majority baseline (H),Draw,0.0,0.0,0.0,272
Majority baseline (H),Away win,0.0,0.0,0.0,356
