season,team_name,avg_rating,max_rating,rating_players,source_edition,snapshot_date
2015,Arsenal,74.181818,86,33,FIFA 15,2014-09-18
2015,Aston Villa,69.606061,80,33,FIFA 15,2014-09-18
2015,Bournemouth,63.933333,72,30,FIFA 15,2014-09-18
2015,Chelsea,73.272727,88,33,FIFA 15,2014-09-18
2015,Crystal Palace,69.424242,75,33,FIFA 15,2014-09-18
2015,Everton,72.363636,82,33,FIFA 15,2014-09-18
2015,Leicester City,66.454545,78,33,FIFA 15,2014-09-18
2015,Liverpool,73.060606,83,33,FIFA 15,2014-09-18
2015,Manchester City,73.424242,87,33,FIFA 15,2014-09-18
2015,Manchester United,73.393939,88,33,FIFA 15,2014-09-18
2015,Newcastle United,70.484848,79,33,FIFA 15,2014-09-18
2015,Norwich City,69.400000,77,30,FIFA 15,2014-09-18
2015,Southampton,68.909091,80,33,FIFA 15,2014-09-18
2015,Stoke City,70.090909,82,33,FIFA 15,2014-09-18
2015,Sunderland,68.030303,77,33,FIFA 15,2014-09-18
2015,Swansea City,68.696970,81,33,FIFA 15,2014-09-18
2015,Tottenham Hotspur,73.484848,85,33,FIFA 15,2014-09-18
2015,Watford,66.333333,74,30,FIFA 15,2014-09-18
2015,West Bromwich Albion,69.272727,79,33,FIFA 15,2014-09-18
2015,West Ham United,69.121212,80,33,FIFA 15,2014-09-18
2016,Arsenal,73.848485,87,33,FIFA 16,2015-09-21
2016,Bournemouth,69.566667,79,30,FIFA 16,2015-09-21
2016,Burnley,68.000000,75,30,FIFA 16,2015-09-21
2016,Chelsea,76.321429,89,28,FIFA 16,2015-09-21
2016,Crystal Palace,71.090909,79,33,FIFA 16,2015-09-21
2016,Everton,73.533333,83,30,FIFA 16,2015-09-21
2016,Hull City,67.275862,77,29,FIFA 16,2015-09-21
2016,Leicester City,68.757576,80,33,FIFA 16,2015-09-21
2016,Liverpool,73.516129,84,31,FIFA 16,2015-09-21
2016,Manchester City,76.258065,88,31,FIFA 16,2015-09-21
2016,Manchester United,73.096774,86,31,FIFA 16,2015-09-21
2016,Middlesbrough,67.392857,75,28,FIFA 16,2015-09-21
2016,Southampton,72.064516,81,31,FIFA 16,2015-09-21
2016,Stoke City,72.468750,81,32,FIFA 16,2015-09-21
2016,Sunderland,71.218750,79,32,FIFA 16,2015-09-21
2016,Swansea City,71.645161,81,31,FIFA 16,2015-09-21
2016,Tottenham Hotspur,71.593750,85,32,FIFA 16,2015-09-21
2016,Watford,70.566667,78,30,FIFA 16,2015-09-21
2016,West Bromwich Albion,70.133333,80,30,FIFA 16,2015-09-21
2016,West Ham United,70.451613,81,31,FIFA 16,2015-09-21
2017,Arsenal,76.151515,89,33,FIFA 17,2016-09-20
2017,Bournemouth,69.060606,82,33,FIFA 17,2016-09-20
2017,Brighton and Hove Albion,69.700000,76,30,FIFA 17,2016-09-20
2017,Burnley,66.151515,79,33,FIFA 17,2016-09-20
2017,Chelsea,75.545455,89,33,FIFA 17,2016-09-20
2017,Crystal Palace,71.272727,85,33,FIFA 17,2016-09-20
2017,Everton,69.065574,84,61,FIFA 17,2016-09-20
2017,Huddersfield Town,64.566667,76,30,FIFA 17,2016-09-20
2017,Leicester City,71.515152,85,33,FIFA 17,2016-09-20
2017,Liverpool,74.727273,85,33,FIFA 17,2016-09-20
2017,Manchester City,75.545455,89,33,FIFA 17,2016-09-20
2017,Manchester United,77.906250,90,32,FIFA 17,2016-09-20
2017,Newcastle United,72.133333,78,30,FIFA 17,2016-09-20
2017,Southampton,71.939394,83,33,FIFA 17,2016-09-20
2017,Stoke City,72.727273,82,33,FIFA 17,2016-09-20
2017,Swansea City,70.848485,82,33,FIFA 17,2016-09-20
2017,Tottenham Hotspur,73.030303,88,33,FIFA 17,2016-09-20
2017,Watford,71.606061,81,33,FIFA 17,2016-09-20
2017,West Bromwich Albion,68.593750,80,32,FIFA 17,2016-09-20
2017,West Ham United,72.545455,86,33,FIFA 17,2016-09-20
2018,Arsenal,75.757576,89,33,FIFA 18,2017-09-18
2018,Bournemouth,70.151515,82,33,FIFA 18,2017-09-18
2018,Brighton and Hove Albion,70.333333,78,33,FIFA 18,2017-09-18
2018,Burnley,68.575758,81,33,FIFA 18,2017-09-18
2018,Cardiff City,66.933333,72,30,FIFA 18,2017-09-18
2018,Chelsea,76.515152,90,33,FIFA 18,2017-09-18
2018,Crystal Palace,70.575758,81,33,FIFA 18,2017-09-18
2018,Everton,73.547170,83,53,FIFA 18,2017-09-18
2018,Fulham,68.366667,77,30,FIFA 18,2017-09-18
2018,Huddersfield Town,66.878788,77,33,FIFA 18,2017-09-18
2018,Leicester City,72.181818,83,33,FIFA 18,2017-09-18
2018,Liverpool,75.909091,86,33,FIFA 18,2017-09-18
2018,Manchester City,74.121212,89,33,FIFA 18,2017-09-18
2018,Manchester United,77.666667,90,33,FIFA 18,2017-09-18
2018,Newcastle United,70.787879,79,33,FIFA 18,2017-09-18
2018,Southampton,71.878788,83,33,FIFA 18,2017-09-18
2018,Tottenham Hotspur,73.515152,88,33,FIFA 18,2017-09-18
2018,Watford,74.181818,82,33,FIFA 18,2017-09-18
2018,West Ham United,71.484848,82,33,FIFA 18,2017-09-18
2018,Wolverhampton Wanderers,69.300000,78,30,FIFA 18,2017-09-18
2019,Arsenal,74.848485,87,33,FIFA 19,2018-08-21
2019,Aston Villa,69.500000,76,30,FIFA 19,2018-08-21
2019,Bournemouth,70.030303,79,33,FIFA 19,2018-08-21
2019,Brighton and Hove Albion,72.030303,78,33,FIFA 19,2018-08-21
2019,Burnley,72.121212,80,33,FIFA 19,2018-08-21
2019,Chelsea,78.666667,91,33,FIFA 19,2018-08-21
2019,Crystal Palace,71.333333,82,33,FIFA 19,2018-08-21
2019,Everton,70.771930,83,57,FIFA 19,2018-08-21
2019,Leicester City,74.666667,84,33,FIFA 19,2018-08-21
2019,Liverpool,77.242424,88,33,FIFA 19,2018-08-21
2019,Manchester City,77.636364,91,33,FIFA 19,2018-08-21
2019,Manchester United,77.545455,91,33,FIFA 19,2018-08-21
2019,Newcastle United,71.969697,78,33,FIFA 19,2018-08-21
2019,Norwich City,68.800000,75,30,FIFA 19,2018-08-21
2019,Sheffield United,65.866667,73,30,FIFA 19,2018-08-21
2019,Southampton,72.363636,80,33,FIFA 19,2018-08-21
2019,Tottenham Hotspur,76.666667,89,33,FIFA 19,2018-08-21
2019,Watford,73.848485,81,33,FIFA 19,2018-08-21
2019,West Ham United,73.151515,82,33,FIFA 19,2018-08-21
2019,Wolverhampton Wanderers,71.090909,83,33,FIFA 19,2018-08-21
2020,Arsenal,75.060606,88,33,FIFA 20,2019-09-19
2020,Aston Villa,69.181818,80,33,FIFA 20,2019-09-19
2020,Brighton and Hove Albion,72.393939,80,33,FIFA 20,2019-09-19
2020,Burnley,71.303030,79,33,FIFA 20,2019-09-19
2020,Chelsea,77.060606,89,33,FIFA 20,2019-09-19
2020,Crystal Palace,70.787879,83,33,FIFA 20,2019-09-19
2020,Everton,69.610169,83,59,FIFA 20,2019-09-19
2020,Fulham,70.066667,78,30,FIFA 20,2019-09-19
2020,Leeds United,68.566667,76,30,FIFA 20,2019-09-19
2020,Leicester City,74.363636,83,33,FIFA 20,2019-09-19
2020,Liverpool,75.848485,90,33,FIFA 20,2019-09-19
2020,Manchester City,77.000000,91,33,FIFA 20,2019-09-19
2020,Manchester United,76.848485,89,33,FIFA 20,2019-09-19
2020,Newcastle United,73.333333,80,33,FIFA 20,2019-09-19
2020,Sheffield United,68.878788,76,33,FIFA 20,2019-09-19
2020,Southampton,72.242424,79,33,FIFA 20,2019-09-19
2020,Tottenham Hotspur,76.484848,89,33,FIFA 20,2019-09-19
2020,West Bromwich Albion,68.500000,76,30,FIFA 20,2019-09-19
2020,West Ham United,72.575758,84,33,FIFA 20,2019-09-19
2020,Wolverhampton Wanderers,70.454545,84,33,FIFA 20,2019-09-19
2021,Arsenal,76.212121,87,33,FIFA 21,2020-09-23
2021,Aston Villa,70.969697,80,33,FIFA 21,2020-09-23
2021,Brentford,66.533333,77,30,FIFA 21,2020-09-23
2021,Brighton and Hove Albion,70.787879,80,33,FIFA 21,2020-09-23
2021,Burnley,70.166667,82,30,FIFA 21,2020-09-23
2021,Chelsea,79.212121,88,33,FIFA 21,2020-09-23
2021,Crystal Palace,71.454545,83,33,FIFA 21,2020-09-23
2021,Everton,74.393939,84,33,FIFA 21,2020-09-23
2021,Leeds United,67.969697,82,33,FIFA 21,2020-09-23
2021,Leicester City,75.151515,86,33,FIFA 21,2020-09-23
2021,Liverpool,70.838710,90,62,FIFA 21,2020-09-23
2021,Manchester City,77.484848,91,33,FIFA 21,2020-09-23
2021,Manchester United,77.818182,87,33,FIFA 21,2020-09-23
2021,Newcastle United,73.272727,83,33,FIFA 21,2020-09-23
2021,Norwich City,70.633333,77,30,FIFA 21,2020-09-23
2021,Southampton,71.303030,80,33,FIFA 21,2020-09-23
2021,Tottenham Hotspur,77.242424,88,33,FIFA 21,2020-09-23
2021,Watford,73.366667,80,30,FIFA 21,2020-09-23
2021,West Ham United,71.303030,81,33,FIFA 21,2020-09-23
2021,Wolverhampton Wanderers,69.636364,84,33,FIFA 21,2020-09-23
2022,Arsenal,73.636364,85,33,FIFA 22,2021-09-23
2022,Aston Villa,71.032258,84,31,FIFA 22,2021-09-23
2022,Bournemouth,67.133333,76,30,FIFA 22,2021-09-23
2022,Brentford,69.272727,76,33,FIFA 22,2021-09-23
2022,Brighton and Hove Albion,69.848485,81,33,FIFA 22,2021-09-23
2022,Chelsea,76.363636,90,33,FIFA 22,2021-09-23
2022,Crystal Palace,70.696970,82,33,FIFA 22,2021-09-23
2022,Everton,73.878788,84,33,FIFA 22,2021-09-23
2022,Fulham,71.300000,77,30,FIFA 22,2021-09-23
2022,Leeds United,70.451613,82,31,FIFA 22,2021-09-23
2022,Leicester City,75.000000,86,33,FIFA 22,2021-09-23
2022,Liverpool,75.969697,89,33,FIFA 22,2021-09-23
2022,Manchester City,76.906250,91,32,FIFA 22,2021-09-23
2022,Manchester United,78.000000,91,33,FIFA 22,2021-09-23
2022,Newcastle United,71.363636,81,33,FIFA 22,2021-09-23
2022,Nottingham Forest,68.433333,75,30,FIFA 22,2021-09-23
2022,Southampton,69.575758,81,33,FIFA 22,2021-09-23
2022,Tottenham Hotspur,74.090909,90,33,FIFA 22,2021-09-23
2022,West Ham United,72.181818,82,33,FIFA 22,2021-09-23
2022,Wolverhampton Wanderers,69.636364,83,33,FIFA 22,2021-09-23
2023,Arsenal,74.931034,84,29,FIFA 23,2022-09-26
2023,Aston Villa,73.781250,84,32,FIFA 23,2022-09-26
2023,Bournemouth,71.928571,81,28,FIFA 23,2022-09-26
2023,Brentford,70.900000,78,30,FIFA 23,2022-09-26
2023,Brighton and Hove Albion,69.580645,79,31,FIFA 23,2022-09-26
2023,Burnley,70.100000,76,30,FIFA 23,2022-09-26
2023,Chelsea,77.258065,89,31,FIFA 23,2022-09-26
2023,Crystal Palace,71.655172,82,29,FIFA 23,2022-09-26
2023,Everton,69.070175,82,57,FIFA 23,2022-09-26
2023,Fulham,72.964286,81,28,FIFA 23,2022-09-26
2023,Liverpool,72.203704,90,54,FIFA 23,2022-09-26
2023,Luton Town,66.928571,72,28,FIFA 23,2022-09-26
2023,Manchester City,78.518519,91,27,FIFA 23,2022-09-26
2023,Manchester United,77.181818,90,33,FIFA 23,2022-09-26
2023,Newcastle United,73.454545,84,33,FIFA 23,2022-09-26
2023,Nottingham Forest,72.575758,80,33,FIFA 23,2022-09-26
2023,Sheffield United,68.533333,75,30,FIFA 23,2022-09-26
2023,Tottenham Hotspur,76.620690,89,29,FIFA 23,2022-09-26
2023,West Ham United,74.620690,84,29,FIFA 23,2022-09-26
2023,Wolverhampton Wanderers,70.151515,83,33,FIFA 23,2022-09-26
2024,Arsenal,76.032258,87,31,EA Sports FC 24,2023-09-22
2024,Aston Villa,73.727273,85,33,EA Sports FC 24,2023-09-22
2024,Bournemouth,72.258065,78,31,EA Sports FC 24,2023-09-22
2024,Brentford,71.774194,82,31,EA Sports FC 24,2023-09-22
2024,Brighton and Hove Albion,72.827586,81,29,EA Sports FC 24,2023-09-22
2024,Chelsea,74.363636,86,33,EA Sports FC 24,2023-09-22
2024,Crystal Palace,70.060606,79,33,EA Sports FC 24,2023-09-22
2024,Everton,72.500000,82,28,EA Sports FC 24,2023-09-22
2024,Fulham,70.909091,83,33,EA Sports FC 24,2023-09-22
2024,Ipswich Town,66.448276,73,29,EA Sports FC 24,2023-09-22
2024,Leicester City,71.666667,79,30,EA Sports FC 24,2023-09-22
2024,Liverpool,71.811321,89,53,EA Sports FC 24,2023-09-22
2024,Manchester City,78.000000,91,29,EA Sports FC 24,2023-09-22
2024,Manchester United,77.272727,89,33,EA Sports FC 24,2023-09-22
2024,Newcastle United,75.125000,86,32,EA Sports FC 24,2023-09-22
2024,Nottingham Forest,74.333333,81,33,EA Sports FC 24,2023-09-22
2024,Southampton,68.766667,76,30,EA Sports FC 24,2023-09-22
2024,Tottenham Hotspur,76.193548,87,31,EA Sports FC 24,2023-09-22
2024,West Ham United,72.000000,81,33,EA Sports FC 24,2023-09-22
2024,Wolverhampton Wanderers,72.851852,79,27,EA Sports FC 24,2023-09-22
2025,Arsenal,77.750000,89,28,EA Sports FC 25,2024-09-26
2025,Aston Villa,75.178571,87,28,EA Sports FC 25,2024-09-26
2025,Bournemouth,73.035714,80,28,EA Sports FC 25,2024-09-26
2025,Brentford,72.400000,80,30,EA Sports FC 25,2024-09-26
2025,Brighton and Hove Albion,73.181818,81,33,EA Sports FC 25,2024-09-26
2025,Burnley,70.870968,76,31,EA Sports FC 25,2024-09-26
2025,Chelsea,76.424242,85,33,EA Sports FC 25,2024-09-26
2025,Crystal Palace,73.103448,81,29,EA Sports FC 25,2024-09-26
2025,Everton,69.120000,83,50,EA Sports FC 25,2024-09-26
2025,Fulham,74.560000,82,25,EA Sports FC 25,2024-09-26
2025,Leeds United,70.777778,77,27,EA Sports FC 25,2024-09-26
2025,Liverpool,72.666667,89,45,EA Sports FC 25,2024-09-26
2025,Manchester City,79.392857,91,28,EA Sports FC 25,2024-09-26
2025,Manchester United,74.593750,87,32,EA Sports FC 25,2024-09-26
2025,Newcastle United,75.750000,85,32,EA Sports FC 25,2024-09-26
2025,Nottingham Forest,74.413793,79,29,EA Sports FC 25,2024-09-26
2025,Sunderland,67.370370,76,27,EA Sports FC 25,2024-09-26
2025,Tottenham Hotspur,74.900000,87,30,EA Sports FC 25,2024-09-26
2025,West Ham United,75.111111,83,27,EA Sports FC 25,2024-09-26
2025,Wolverhampton Wanderers,72.161290,79,31,EA Sports FC 25,2024-09-26
